Date,Name,Year,Letterboxd URI,Rating
2021-03-09,Fight Club,1999,https://boxd.it/2a9q,5
2021-03-09,Up,2009,https://boxd.it/1OEc,5
2021-03-09,Django Unchained,2012,https://boxd.it/2cCk,5
2021-03-09,Despicable Me,2010,https://boxd.it/1DD8,4
2021-03-09,Fantastic Mr. Fox,2009,https://boxd.it/1WyQ,4.5
2021-03-09,Ratatouille,2007,https://boxd.it/27ww,5
2021-03-09,No Country for Old Men,2007,https://boxd.it/21ew,4.5
2022-01-16,Pulp Fiction,1994,https://boxd.it/29Pq,4.5
2022-01-16,The Shining,1980,https://boxd.it/29Nu,4.5
2022-01-16,Pink Flamingos,1972,https://boxd.it/29NO,0.5
2022-01-16,100 Meters,2016,https://boxd.it/e9zQ,3
2022-01-16,Spider-Man,2002,https://boxd.it/2a8i,4
2022-01-16,Spider-Man 2,2004,https://boxd.it/2a88,2.5
2022-01-16,The Amazing Spider-Man,2012,https://boxd.it/27PI,1.5
2022-01-16,The Amazing Spider-Man 2,2014,https://boxd.it/3utM,1.5
2022-01-16,Magnolia,1999,https://boxd.it/2aze,5
2022-01-16,Being John Malkovich,1999,https://boxd.it/2ahu,5
2022-01-16,American Beauty,1999,https://boxd.it/71Y,5
2022-01-16,Free Guy,2021,https://boxd.it/k8dm,3
2022-01-16,Fist Fight,2017,https://boxd.it/bAIO,0.5
2022-01-16,Punch-Drunk Love,2002,https://boxd.it/20E4,5
2022-01-16,If I Were a Rich Man,2019,https://boxd.it/nn3s,0.5
2022-01-16,The Kissing Booth,2018,https://boxd.it/geR0,0.5
2022-01-16,Spy Kids 3-D: Game Over,2003,https://boxd.it/1S7w,0.5
2022-01-16,Diary of a Wimpy Kid: The Long Haul,2017,https://boxd.it/eL00,0.5
2022-01-16,Step Up 3D,2010,https://boxd.it/ZS8,0.5
2022-01-16,Step Up,2006,https://boxd.it/1XS8,0.5
2022-01-16,Step Up 2: The Streets,2008,https://boxd.it/20mk,0.5
2022-01-16,Gran Torino,2008,https://boxd.it/1Qzy,4.5
2022-01-16,Poltergeist,2015,https://boxd.it/79UK,0.5
2022-01-16,Pelé: Birth of a Legend,2016,https://boxd.it/7dFE,0.5
2022-01-16,Unfinished Business,2015,https://boxd.it/73cC,0.5
2022-01-16,Hubie Halloween,2020,https://boxd.it/mQwm,0.5
2022-01-16,Twilight,2008,https://boxd.it/1Zui,0.5
2022-01-16,WALL·E,2008,https://boxd.it/1VEo,5
2022-07-10,Full Metal Jacket,1987,https://boxd.it/2a1Q,5
2022-07-10,The Lorax,2012,https://boxd.it/2w9M,3
2022-07-10,Minions,2015,https://boxd.it/6jCO,2.5
2022-07-10,Taxi Driver,1976,https://boxd.it/2b8y,5
2022-07-10,City of God,2002,https://boxd.it/2a2a,4.5
2022-07-10,Licorice Pizza,2021,https://boxd.it/qTKY,3.5
2022-07-10,"Monsters, Inc.",2001,https://boxd.it/2a46,4.5
2022-07-10,Over the Garden Wall,2014,https://boxd.it/eqFw,4.5
2022-07-11,Bad Moms,2016,https://boxd.it/d5nk,0.5
2022-07-11,Movie 43,2013,https://boxd.it/37qK,2
2022-07-11,Date Movie,2006,https://boxd.it/1X9M,0.5
2022-07-11,Super Mario Bros.,1993,https://boxd.it/1YfG,1
2022-07-24,Fargo,1996,https://boxd.it/2aHM,4.5
2022-07-24,Her,2013,https://boxd.it/4O24,4.5
2022-07-26,Trainspotting,1996,https://boxd.it/29XY,4.5
2022-07-26,Soul,2020,https://boxd.it/ioLA,4
2022-07-26,Schindler's List,1993,https://boxd.it/2aq2,4.5
2022-07-26,It's Such a Beautiful Day,2012,https://boxd.it/hCY2,4.5
2022-07-26,Revolutionary Road,2008,https://boxd.it/24Le,2.5
2022-07-26,Saw,2004,https://boxd.it/2aWW,4
2022-07-26,A History of Violence,2005,https://boxd.it/2bfa,3.5
2022-07-26,Donnie Darko,2001,https://boxd.it/2b2A,4.5
2022-07-26,The Holy Innocents,1984,https://boxd.it/2CbE,4.5
2022-07-26,Percy Jackson & the Olympians: The Lightning Thief,2010,https://boxd.it/1gJi,0.5
2022-07-26,Blade Runner,1982,https://boxd.it/2bcA,4.5
2022-07-28,The Untouchables,1987,https://boxd.it/2b6i,4.5
2022-07-29,The Grand Budapest Hotel,2014,https://boxd.it/3ZqO,4
2022-07-29,Father There Is Only One,2019,https://boxd.it/lCgC,0.5
2022-08-11,Under the Silver Lake,2018,https://boxd.it/dSAs,4
2022-08-11,United 93,2006,https://boxd.it/1XHY,4
2022-08-11,Ken Park,2002,https://boxd.it/21b8,1.5
2022-08-17,The Royal Tenenbaums,2001,https://boxd.it/1YHU,4.5
2022-08-19,Lost Highway,1997,https://boxd.it/29Wc,4.5
2022-08-19,August Underground's Mordum,2003,https://boxd.it/1wSU,0.5
2022-08-19,Pink Floyd: The Wall,1982,https://boxd.it/1Sxk,4.5
2022-08-23,The Hungover Games,2014,https://boxd.it/7bEO,0.5
2022-09-07,Coneheads,1993,https://boxd.it/1YeS,4.5
2022-09-22,Amélie,2001,https://boxd.it/2aUc,5
2022-10-06,Don't F**k with Cats: Hunting an Internet Killer,2019,https://boxd.it/oqjq,4.5
2022-10-07,Requiem for a Dream,2000,https://boxd.it/29VI,4.5
2022-10-10,Scooby-Doo! The Mystery Begins,2009,https://boxd.it/1Ai2,0.5
2022-10-18,One Flew Over the Cuckoo's Nest,1975,https://boxd.it/2aeA,5
2022-10-28,Come and See,1985,https://boxd.it/1w9q,5
2022-10-30,Waking Ned Devine,1998,https://boxd.it/1WVU,4.5
2022-10-30,Brazil,1985,https://boxd.it/2be2,4.5
2022-10-30,Funny Games,1997,https://boxd.it/1WKM,4.5
2022-10-31,The Piano Teacher,2001,https://boxd.it/2886,4.5
2022-11-02,Naked Gun 33⅓: The Final Insult,1994,https://boxd.it/1afQ,4.5
2022-11-05,Twelve Monkeys,1995,https://boxd.it/2beQ,4.5
2022-11-05,Total Recall,1990,https://boxd.it/29qK,4.5
2022-11-07,"Torrente, the Dumb Arm of the Law",1998,https://boxd.it/28Wg,4
2022-11-10,The Hunt,2012,https://boxd.it/3wEC,4.5
2022-11-14,Scarface,1983,https://boxd.it/2b7g,4.5
2022-11-19,Eternal Sunshine of the Spotless Mind,2004,https://boxd.it/6YK,4.5
2022-11-27,Master and Commander: The Far Side of the World,2003,https://boxd.it/200S,4.5
2022-12-05,The Witch,2015,https://boxd.it/9X0m,4.5
2022-12-05,The Lighthouse,2019,https://boxd.it/icFU,4.5
2022-12-09,To Hell With The Ugly,2010,https://boxd.it/PMO,2.5
2022-12-09,Dogville,2003,https://boxd.it/2a8W,4.5
2022-12-09,Birdboy: The Forgotten Children,2015,https://boxd.it/cj8w,4.5
2022-12-21,The Pursuit of Happyness,2006,https://boxd.it/28PE,0.5
2022-12-31,Moon,2009,https://boxd.it/1IGQ,2.5
2023-01-05,The Apartment,1960,https://boxd.it/2aGE,5
2023-01-07,12 Angry Men,1957,https://boxd.it/2auI,4.5
2023-01-16,21 Grams,2003,https://boxd.it/2ajK,4.5
2023-01-21,Werckmeister Harmonies,2000,https://boxd.it/1zzw,5
2023-01-22,Spirited Away,2001,https://boxd.it/2b4m,5
2023-01-23,Howl's Moving Castle,2004,https://boxd.it/23De,4.5
2023-01-30,The Whale,2022,https://boxd.it/tw4c,4.5
2023-01-30,Black Swan,2010,https://boxd.it/Sw0,4
2023-02-04,Mulholland Drive,2001,https://boxd.it/297o,4.5
2023-02-20,TÁR,2022,https://boxd.it/uNIA,1.5
2023-02-25,Unicorn Wars,2022,https://boxd.it/lBma,4
2023-03-11,Breaking the Waves,1996,https://boxd.it/2b1W,4.5
2023-03-19,The Seventh Seal,1957,https://boxd.it/2ahO,4.5
2023-03-31,2001: A Space Odyssey,1968,https://boxd.it/2bf0,5
2023-03-31,Cloudy with a Chance of Meatballs,2009,https://boxd.it/1A40,4.5
2023-03-31,The Fabelmans,2022,https://boxd.it/ugoM,4
2023-03-31,Smile,2022,https://boxd.it/xjfE,3
2023-03-31,Puss in Boots: The Last Wish,2022,https://boxd.it/aaie,3
2023-03-31,Prison 77,2022,https://boxd.it/yq4U,4
2023-03-31,All Quiet on the Western Front,2022,https://boxd.it/H08,3
2023-03-31,Bullet Train,2022,https://boxd.it/qW26,3.5
2023-03-31,Minions: The Rise of Gru,2022,https://boxd.it/fz9w,3
2023-03-31,The Beasts,2022,https://boxd.it/w1L6,3.5
2023-03-31,Morbius,2022,https://boxd.it/j978,1
2023-03-31,Everything Everywhere All at Once,2022,https://boxd.it/jUk4,4.5
2023-03-31,Spider-Man: No Way Home,2021,https://boxd.it/nwRw,3.5
2023-03-31,Old,2021,https://boxd.it/npKI,3
2023-03-31,The Forever Purge,2021,https://boxd.it/mdzc,1.5
2023-03-31,The Mitchells vs. The Machines,2021,https://boxd.it/i7xm,4.5
2023-03-31,The Life Ahead,2020,https://boxd.it/oRqS,2.5
2023-03-31,The SpongeBob Movie: Sponge on the Run,2020,https://boxd.it/e1Ac,3
2023-03-31,If Anything Happens I Love You,2020,https://boxd.it/qIv4,3
2023-03-31,Father There Is Only One 2,2020,https://boxd.it/oURC,0.5
2023-03-31,Money Heist: The Phenomenon,2020,https://boxd.it/pJe2,3
2023-03-31,Star Wars: The Rise of Skywalker,2019,https://boxd.it/5xlK,2
2023-03-31,Klaus,2019,https://boxd.it/ipoi,4.5
2023-03-31,Sound of Metal,2019,https://boxd.it/i7Q4,4
2023-03-31,The Platform,2019,https://boxd.it/mUm6,3.5
2023-03-31,Joker,2019,https://boxd.it/h4cS,4.5
2023-03-31,First Cow,2019,https://boxd.it/krga,1.5
2023-03-31,The Lion King,2019,https://boxd.it/eSjI,3
2023-03-31,The Best Summer of My Life,2019,https://boxd.it/iQ7y,2.5
2023-03-31,Toy Story 4,2019,https://boxd.it/9ALu,3.5
2023-03-31,Playmobil: The Movie,2019,https://boxd.it/cHq0,0.5
2023-03-31,Parasite,2019,https://boxd.it/hTha,4.5
2023-03-31,Once Upon a Time… in Hollywood,2019,https://boxd.it/gH0O,4.5
2023-03-31,Pokémon Detective Pikachu,2019,https://boxd.it/fVA0,3
2023-03-31,John Wick: Chapter 3 - Parabellum,2019,https://boxd.it/gmFw,1
2023-03-31,A Dog's Journey,2019,https://boxd.it/iY7m,3
2023-03-31,I Can Quit Whenever I Want,2019,https://boxd.it/l6as,2
2023-03-31,You Are My Movie,2019,https://boxd.it/lxcA,0.5
2023-03-31,Good Boys,2019,https://boxd.it/iW1G,2.5
2023-03-31,Superlopez,2018,https://boxd.it/gmdM,0.5
2023-03-31,Instant Family,2018,https://boxd.it/hHpQ,2.5
2023-03-31,Ralph Breaks the Internet,2018,https://boxd.it/edAy,3.5
2023-03-31,Bohemian Rhapsody,2018,https://boxd.it/f1TK,3
2023-03-31,Bocadillo,2018,https://boxd.it/keDU,0.5
2023-03-31,De Rubén a Rubius: El Viaje de un Virtual Hero,2018,https://boxd.it/kaTk,1.5
2023-03-31,Once Upon a Deadpool,2018,https://boxd.it/kOfE,1
2023-03-31,The Package,2018,https://boxd.it/ibD4,1.5
2023-03-31,The First Purge,2018,https://boxd.it/fJfk,2
2023-03-31,Action Point,2018,https://boxd.it/gcyg,1.5
2023-03-31,Daphne & Velma,2018,https://boxd.it/hDTM,0.5
2023-03-31,Champions,2018,https://boxd.it/gjGG,1
2023-03-31,Ready Player One,2018,https://boxd.it/aZes,4
2023-03-31,Piggy,2018,https://boxd.it/inVu,3
2023-03-31,Blockers,2018,https://boxd.it/fxEW,2
2023-03-31,Unfriended: Dark Web,2018,https://boxd.it/ifs0,2
2023-03-31,Isle of Dogs,2018,https://boxd.it/dZrW,4
2023-03-31,Perfect Strangers,2017,https://boxd.it/fru2,3
2023-03-31,Star Wars: The Last Jedi,2017,https://boxd.it/5xme,2.5
2023-03-31,Wonder,2017,https://boxd.it/ekeY,1
2023-03-31,Ferdinand,2017,https://boxd.it/cC7i,3
2023-03-31,Something Huge,2017,https://boxd.it/dQMw,0.5
2023-03-31,Coco,2017,https://boxd.it/bYJQ,4
2023-03-31,Happy Death Day,2017,https://boxd.it/fDz4,2.5
2023-03-31,Spielberg,2017,https://boxd.it/gIXC,4.5
2023-03-31,Woody Woodpecker,2017,https://boxd.it/gyMa,0.5
2023-03-31,Gerald's Game,2017,https://boxd.it/buKa,2
2023-03-31,mother!,2017,https://boxd.it/dgRU,3.5
2023-03-31,Jim & Andy: The Great Beyond,2017,https://boxd.it/gO36,4
2023-03-31,Toc Toc,2017,https://boxd.it/fwnq,2
2023-03-31,Veronica,2017,https://boxd.it/fHXa,2.5
2023-03-31,The Emoji Movie,2017,https://boxd.it/d9x4,2
2023-03-31,Descendants 2,2017,https://boxd.it/eJMG,0.5
2023-03-31,Despicable Me 3,2017,https://boxd.it/azpu,2.5
2023-03-31,Captain Underpants: The First Epic Movie,2017,https://boxd.it/8312,2
2023-03-31,Baywatch,2017,https://boxd.it/biG6,1
2023-03-31,Pirates of the Caribbean: Dead Men Tell No Tales,2017,https://boxd.it/5a9m,2.5
2023-03-31,The Florida Project,2017,https://boxd.it/dMG0,4
2023-03-31,Deep,2017,https://boxd.it/fg7G,0.5
2023-03-31,Tad the Lost Explorer and the Secret of King Midas,2017,https://boxd.it/g9l4,3
2023-03-31,Power Rangers,2017,https://boxd.it/9KKc,0.5
2023-03-31,The Disaster Artist,2017,https://boxd.it/cTqc,4
2023-03-31,The Boss Baby,2017,https://boxd.it/9mfO,2.5
2023-03-31,It's for Your Own Good,2017,https://boxd.it/frmC,2
2023-03-31,The Lego Batman Movie,2017,https://boxd.it/azp0,3.5
2023-03-31,The Bar,2017,https://boxd.it/eRT6,3
2023-03-31,Sahara,2017,https://boxd.it/eYNY,1.5
2023-03-31,John Wick: Chapter 2,2017,https://boxd.it/ayGu,1
2023-03-31,Get Out,2017,https://boxd.it/eOCm,4
2023-03-31,A Ghost Story,2017,https://boxd.it/fb0K,2.5
2023-03-31,Surf's Up 2: WaveMania,2017,https://boxd.it/ew3y,1
2023-03-31,Rogue One: A Star Wars Story,2016,https://boxd.it/aPvy,3.5
2023-03-31,Hidden Figures,2016,https://boxd.it/dgS4,3
2023-03-31,Black Mirror: Shut Up and Dance,2016,https://boxd.it/hRRq,4
2023-03-31,Ballerina,2016,https://boxd.it/bpga,3
2023-03-31,Ozzy,2016,https://boxd.it/euxQ,0.5
2023-03-31,The Founder,2016,https://boxd.it/9XwM,1
2023-03-31,Storks,2016,https://boxd.it/aUo8,3
2023-03-31,Sing,2016,https://boxd.it/b5EQ,3
2023-03-31,A Monster Calls,2016,https://boxd.it/7DjE,3.5
2023-03-31,Sully,2016,https://boxd.it/cD8Q,3.5
2023-03-31,Heroes Wanted,2016,https://boxd.it/d3SK,1
2023-03-31,Pete's Dragon,2016,https://boxd.it/9hza,2
2023-03-31,Zip & Zap and the Captain's Island,2016,https://boxd.it/cH8A,1
2023-03-31,Scooby-Doo! and WWE: Curse of the Speed Demon,2016,https://boxd.it/ep0i,1
2023-03-31,The Purge: Election Year,2016,https://boxd.it/ae5I,1
2023-03-31,Nerve,2016,https://boxd.it/aJIc,2
2023-03-31,Ice Age: Collision Course,2016,https://boxd.it/8upq,2
2023-03-31,The Secret Life of Pets,2016,https://boxd.it/aJ5E,3
2023-03-31,Finding Dory,2016,https://boxd.it/4aAA,3
2023-03-31,Kindergarten Cop 2,2016,https://boxd.it/dl7W,0.5
2023-03-31,The BFG,2016,https://boxd.it/81cs,2.5
2023-03-31,The Angry Birds Movie,2016,https://boxd.it/4PBu,2.5
2023-03-31,Ratchet & Clank,2016,https://boxd.it/6Tig,1.5
2023-03-31,The Jungle Book,2016,https://boxd.it/8wjk,3.5
2023-03-31,Sausage Party,2016,https://boxd.it/6CCe,4
2023-03-31,10 Cloverfield Lane,2016,https://boxd.it/aZiu,3.5
2023-03-31,"Hail, Caesar!",2016,https://boxd.it/881G,0.5
2023-03-31,Captain Fantastic,2016,https://boxd.it/b2K2,3.5
2023-03-31,Kung Fu Panda 3,2016,https://boxd.it/4uRQ,3
2023-03-31,Norm of the North,2016,https://boxd.it/8qZE,0.5
2023-03-31,Star Wars: The Force Awakens,2015,https://boxd.it/4vru,3.5
2023-03-31,Where Am I Going?,2016,https://boxd.it/d0rm,2.5
2023-03-31,The Hateful Eight,2015,https://boxd.it/8gw8,4
2023-03-31,Heidi,2015,https://boxd.it/cCQs,3.5
2023-03-31,Spanish Affair 2,2015,https://boxd.it/bHoQ,0.5
2023-03-31,The Peanuts Movie,2015,https://boxd.it/6Jci,3.5
2023-03-31,Look Who's Back,2015,https://boxd.it/akeQ,2
2023-03-31,Hotel Transylvania 2,2015,https://boxd.it/4ZLk,3
2023-03-31,My Big Night,2015,https://boxd.it/b3Vg,3
2023-03-31,The Visit,2015,https://boxd.it/9ssO,3
2023-03-31,Regular Show: The Movie,2015,https://boxd.it/bXNM,3.5
2023-03-31,Capture the Flag,2015,https://boxd.it/9ynU,2
2023-03-31,Blinky Bill the Movie,2015,https://boxd.it/bi0k,0.5
2023-03-31,Goosebumps,2015,https://boxd.it/7Bp6,2.5
2023-03-31,Descendants,2015,https://boxd.it/8rMm,0.5
2023-03-31,Vacation,2015,https://boxd.it/9n9M,2.5
2023-03-31,Rey gitano,2015,https://boxd.it/aWsw,1
2023-03-31,Pixels,2015,https://boxd.it/7BaA,2
2023-03-31,Teen Beach 2,2015,https://boxd.it/aArm,1
2023-03-31,The Little Prince,2015,https://boxd.it/9WbS,4
2023-03-31,Inside Out,2015,https://boxd.it/4KHC,4.5
2023-03-31,The Lobster,2015,https://boxd.it/7tnw,4
2023-03-31,Tomorrowland,2015,https://boxd.it/4YaC,2
2023-03-31,Paul Blart: Mall Cop 2,2015,https://boxd.it/7Acq,0.5
2023-03-31,Ooops! Noah Is Gone...,2015,https://boxd.it/aDJS,2
2023-03-31,Home,2015,https://boxd.it/6JxA,1.5
2023-03-31,Cinderella,2015,https://boxd.it/4KX6,2.5
2023-03-31,The Flintstones & WWE: Stone Age SmackDown!,2015,https://boxd.it/9SQC,1
2023-03-31,The SpongeBob Movie: Sponge Out of Water,2015,https://boxd.it/6JxU,2.5
2023-03-31,Penguins of Madagascar,2014,https://boxd.it/89tc,3
2023-03-31,Interstellar,2014,https://boxd.it/4VZ8,4.5
2023-03-31,Big Hero 6,2014,https://boxd.it/5rje,4
2023-03-31,"Men, Women & Children",2014,https://boxd.it/79Wm,2.5
2023-03-31,Torrente 5,2014,https://boxd.it/7uSK,3
2023-03-31,The Book of Life,2014,https://boxd.it/6JKY,4
2023-03-31,John Wick,2014,https://boxd.it/7dEc,1
2023-03-31,Mortadelo and Filemon: Mission Implausible,2014,https://boxd.it/6ISW,4
2023-03-31,Stand by Me Doraemon,2014,https://boxd.it/7VEK,3.5
2023-03-31,The Purge: Anarchy,2014,https://boxd.it/71zk,1
2023-03-31,The Imitation Game,2014,https://boxd.it/6aig,3.5
2023-03-31,Millionaire Dog,2014,https://boxd.it/7mVc,0.5
2023-03-31,The Games Maker,2014,https://boxd.it/7Oue,0.5
2023-03-31,Neighbors,2014,https://boxd.it/5Txe,1
2023-03-31,Rio 2,2014,https://boxd.it/5jfy,2.5
2023-03-31,Spanish Affair,2014,https://boxd.it/6YjI,1.5
2023-03-31,Predestination,2014,https://boxd.it/6bJM,3.5
2023-03-31,Mr. Peabody & Sherman,2014,https://boxd.it/2TRM,2
2023-03-31,The Nut Job,2014,https://boxd.it/6IWa,1
2023-03-31,The Babadook,2014,https://boxd.it/77xu,3.5
2023-03-31,The Lego Movie,2014,https://boxd.it/4pDO,4
2023-03-31,Whiplash,2014,https://boxd.it/7bQA,4.5
2023-03-31,Free Birds,2013,https://boxd.it/5oi8,3
2023-03-31,Frozen,2013,https://boxd.it/3GNa,1
2023-03-31,Ender's Game,2013,https://boxd.it/2N9Y,2
2023-03-31,Jackass Presents: Bad Grandpa,2013,https://boxd.it/6e3u,2.5
2023-03-31,Zip & Zap and the Marble Gang,2013,https://boxd.it/4ZPc,2.5
2023-03-31,Cloudy with a Chance of Meatballs 2,2013,https://boxd.it/3GMw,2.5
2023-03-31,Family United,2013,https://boxd.it/6qo0,2
2023-03-31,Romeo & Juliet,2013,https://boxd.it/3dAQ,0.5
2023-03-31,Gravity,2013,https://boxd.it/GZY,2.5
2023-03-31,Jobs,2013,https://boxd.it/3RcY,2.5
2023-03-31,We're the Millers,2013,https://boxd.it/4srQ,2.5
2023-03-31,The Smurfs 2,2013,https://boxd.it/2HvO,1.5
2023-03-31,Underdogs,2013,https://boxd.it/4Pck,3
2023-03-31,Grown Ups 2,2013,https://boxd.it/3GAq,1.5
2023-03-31,Turbo,2013,https://boxd.it/2Hzw,3
2023-03-31,Man of Steel,2013,https://boxd.it/FRk,1
2023-03-31,The Conjuring,2013,https://boxd.it/4sr2,3
2023-03-31,Despicable Me 2,2013,https://boxd.it/3gg0,3.5
2023-03-31,The Purge,2013,https://boxd.it/4Xg0,1.5
2023-03-31,This Is the End,2013,https://boxd.it/3GB4,1
2023-03-31,Monsters University,2013,https://boxd.it/bQm,3
2023-03-31,The Hangover Part III,2013,https://boxd.it/3GNY,0.5
2023-03-31,Epic,2013,https://boxd.it/3SNm,2.5
2023-03-31,The Croods,2013,https://boxd.it/FRE,2
2023-03-31,Oz the Great and Powerful,2013,https://boxd.it/2cAI,2
2023-03-31,Wreck-It Ralph,2012,https://boxd.it/2TTS,4
2023-03-31,The Impossible,2012,https://boxd.it/2N9k,4
2023-03-31,Frankenweenie,2012,https://boxd.it/bPS,4
2023-03-31,The Perks of Being a Wallflower,2012,https://boxd.it/2ZA8,4
2023-03-31,Hotel Transylvania,2012,https://boxd.it/2DF6,3.5
2023-03-31,"Tad, the Lost Explorer",2012,https://boxd.it/41tA,2.5
2023-03-31,ParaNorman,2012,https://boxd.it/2FuY,3.5
2023-03-31,Diary of a Wimpy Kid: Dog Days,2012,https://boxd.it/2TG0,1.5
2023-03-31,Ted,2012,https://boxd.it/2pgc,2.5
2023-03-31,Brave,2012,https://boxd.it/bVG,2
2023-03-31,Madagascar 3: Europe's Most Wanted,2012,https://boxd.it/2NF6,3
2023-03-31,The Dictator,2012,https://boxd.it/2DEW,3
2023-03-31,Men in Black 3,2012,https://boxd.it/103U,3
2023-03-31,Dark Shadows,2012,https://boxd.it/bQ2,2
2023-03-31,We Bought a Zoo,2011,https://boxd.it/2AU8,2
2023-03-31,Alvin and the Chipmunks: Chipwrecked,2011,https://boxd.it/s9E,1
2023-03-31,Black Mirror: The Entire History of You,2011,https://boxd.it/hQZ4,4
2023-03-31,Black Mirror: The National Anthem,2011,https://boxd.it/hQYK,4
2023-03-31,Happy Feet Two,2011,https://boxd.it/2Om,0.5
2023-03-31,It's Such a Beautiful Day,2011,https://boxd.it/34dy,4.5
2023-03-31,Arthur Christmas,2011,https://boxd.it/Cg6,3.5
2023-03-31,Energía 3D,2011,https://boxd.it/4CrQ,0.5
2023-03-31,The Adventures of Tintin,2011,https://boxd.it/1Irc,3.5
2023-03-31,Hugo,2011,https://boxd.it/R08,3.5
2023-03-31,Real Steel,2011,https://boxd.it/147m,3
2023-03-31,Sleep Tight,2011,https://boxd.it/2GjC,3.5
2023-03-31,Dolphin Tale,2011,https://boxd.it/alC,0.5
2023-03-31,Phineas and Ferb: The Movie: Across the 2nd Dimension,2011,https://boxd.it/2ql8,3.5
2023-03-31,The Smurfs,2011,https://boxd.it/Zcm,1
2023-03-31,Harry Potter and the Deathly Hallows: Part 2,2011,https://boxd.it/1RYk,3.5
2023-03-31,Mr. Popper's Penguins,2011,https://boxd.it/kRS,3
2023-03-31,Cars 2,2011,https://boxd.it/H4Y,3
2023-03-31,Super 8,2011,https://boxd.it/dVI,4
2023-03-31,Kung Fu Panda 2,2011,https://boxd.it/G36,3.5
2023-03-31,The Hangover Part II,2011,https://boxd.it/PZI,3
2023-03-31,Drive,2011,https://boxd.it/IG,3
2023-03-31,We Need to Talk About Kevin,2011,https://boxd.it/2pTS,3
2023-03-31,Pirates of the Caribbean: On Stranger Tides,2011,https://boxd.it/27Z4,3
2023-03-31,Megan Is Missing,2011,https://boxd.it/sKJG,0.5
2023-03-31,Rio,2011,https://boxd.it/NKc,3
2023-03-31,Hop,2011,https://boxd.it/DQa,2
2023-03-31,Diary of a Wimpy Kid: Rodrick Rules,2011,https://boxd.it/gm2,3
2023-03-31,Mars Needs Moms,2011,https://boxd.it/DVu,1.5
2023-03-31,Torrente 4: Lethal crisis,2011,https://boxd.it/iPg,2
2023-03-31,"Big Mommas: Like Father, Like Son",2011,https://boxd.it/16fC,2.5
2023-03-31,Rango,2011,https://boxd.it/QPk,4
2023-03-31,The Crocodiles: All for One,2011,https://boxd.it/xhy,0.5
2023-03-31,Gnomeo & Juliet,2011,https://boxd.it/OKi,1
2023-03-31,Scrat's Continental Crack-Up,2010,https://boxd.it/rey,3.5
2023-03-31,Gulliver's Travels,2010,https://boxd.it/15iK,2
2023-03-31,Yogi Bear,2010,https://boxd.it/Zcc,2
2023-03-31,TRON: Legacy,2010,https://boxd.it/1Dlo,2
2023-03-31,Tangled,2010,https://boxd.it/15gO,3.5
2023-03-31,Megamind,2010,https://boxd.it/16Sk,3.5
2023-03-31,Due Date,2010,https://boxd.it/YFs,1.5
2023-03-31,Heroes,2010,https://boxd.it/2VTg,1
2023-03-31,Jackass 3D,2010,https://boxd.it/1KpM,2
2023-03-31,Harry Potter and the Deathly Hallows: Part 1,2010,https://boxd.it/1RYu,3.5
2023-03-31,Insidious,2010,https://boxd.it/H4k,3
2023-03-31,Let Me In,2010,https://boxd.it/Zsa,3.5
2023-03-31,Arthur 3: The War of the Two Worlds,2010,https://boxd.it/VFO,2.5
2023-03-31,Vampires Suck,2010,https://boxd.it/125y,0.5
2023-03-31,Flipped,2010,https://boxd.it/Tb8,3.5
2023-03-31,The Sorcerer's Apprentice,2010,https://boxd.it/1sGg,3
2023-03-31,Inception,2010,https://boxd.it/1skk,3
2023-03-31,Toy Story 3,2010,https://boxd.it/1WRe,4.5
2023-03-31,Grown Ups,2010,https://boxd.it/169a,1
2023-03-31,The Karate Kid,2010,https://boxd.it/15HA,3
2023-03-31,Space Chimps 2: Zartog Strikes Back,2010,https://boxd.it/P0g,1
2023-03-31,Shrek Forever After,2010,https://boxd.it/1WRo,3
2023-03-31,Diary of a Wimpy Kid,2010,https://boxd.it/1fUa,3
2023-03-31,The Crocodiles Strike Back,2010,https://boxd.it/1bnc,0.5
2023-03-31,Tooth Fairy,2010,https://boxd.it/1zKE,1
2023-03-31,The Blind Side,2009,https://boxd.it/1zWg,1
2023-03-31,Alvin and the Chipmunks: The Squeakquel,2009,https://boxd.it/1zgk,0.5
2023-03-31,The Princess and the Frog,2009,https://boxd.it/1WQq,3.5
2023-03-31,Spanish Movie,2009,https://boxd.it/1cc0,2.5
2023-03-31,Arthur and the Revenge of Maltazard,2009,https://boxd.it/1tKI,2.5
2023-03-31,Planet 51,2009,https://boxd.it/1JA0,3
2023-03-31,Dug's Special Mission,2009,https://boxd.it/1xnS,3.5
2023-03-31,A Christmas Carol,2009,https://boxd.it/1HKW,3.5
2023-03-31,Stan Helsing,2009,https://boxd.it/1yyC,0.5
2023-03-31,Where the Wild Things Are,2009,https://boxd.it/1K0C,3.5
2023-03-31,2012,2009,https://boxd.it/1OE2,2.5
2023-03-31,9,2009,https://boxd.it/1Scm,4
2023-03-31,G-Force,2009,https://boxd.it/1ETc,2.5
2023-03-31,Orphan,2009,https://boxd.it/1CgM,3
2023-03-31,Harry Potter and the Half-Blood Prince,2009,https://boxd.it/29FU,3.5
2023-03-31,Ice Age: Dawn of the Dinosaurs,2009,https://boxd.it/20iC,3.5
2023-03-31,Hachi: A Dog's Tale,2009,https://boxd.it/1q4a,3
2023-03-31,The Hangover,2009,https://boxd.it/1GjK,3.5
2023-03-31,Inglourious Basterds,2009,https://boxd.it/1JzG,4
2023-03-31,Brain Drain,2009,https://boxd.it/1HxI,0.5
2023-03-31,17 Again,2009,https://boxd.it/1Jnq,0.5
2023-03-31,The Crocodiles,2009,https://boxd.it/1Ssa,0.5
2023-03-31,Happily N'Ever After 2,2009,https://boxd.it/1JQi,0.5
2023-03-31,Monsters vs Aliens,2009,https://boxd.it/1M50,3
2023-03-31,The Lovely Bones,2009,https://boxd.it/20IA,3.5
2023-03-31,Coraline,2009,https://boxd.it/1NhQ,4.5
2023-03-31,Futurama: Into the Wild Green Yonder,2009,https://boxd.it/1MTu,3.5
2023-03-31,(500) Days of Summer,2009,https://boxd.it/1EmM,4.5
2023-03-31,Precious,2009,https://boxd.it/1v6K,3.5
2023-03-31,Paul Blart: Mall Cop,2009,https://boxd.it/1NQw,1
2023-03-31,Bedtime Stories,2008,https://boxd.it/1WPM,2
2023-03-31,Bolt,2008,https://boxd.it/1QXg,3
2023-03-31,Futurama: Bender's Game,2008,https://boxd.it/1Qx8,3.5
2023-03-31,Madagascar: Escape 2 Africa,2008,https://boxd.it/1W2K,3
2023-03-31,I Am So Proud of You,2008,https://boxd.it/1h0e,4.5
2023-03-31,Tropic Thunder,2008,https://boxd.it/20WM,0.5
2023-03-31,Disaster Movie,2008,https://boxd.it/1Pnc,0.5
2023-03-31,Meet Dave,2008,https://boxd.it/1Uf8,0.5
2023-03-31,Space Chimps,2008,https://boxd.it/1T3q,1.5
2023-03-31,Presto,2008,https://boxd.it/1QYI,4
2023-03-31,The Incredible Hulk,2008,https://boxd.it/28dU,1.5
2023-03-31,Kung Fu Panda,2008,https://boxd.it/1Yws,4
2023-03-31,Indiana Jones and the Kingdom of the Crystal Skull,2008,https://boxd.it/2aR8,0.5
2023-03-31,The Chronicles of Narnia: Prince Caspian,2008,https://boxd.it/26Hy,3
2023-03-31,The Boy in the Striped Pyjamas,2008,https://boxd.it/1NOK,2
2023-03-31,Iron Man,2008,https://boxd.it/28dA,3
2023-03-31,Cowards,2008,https://boxd.it/11OW,3
2023-03-31,Horton Hears a Who!,2008,https://boxd.it/1SfA,3
2023-03-31,The Spiderwick Chronicles,2008,https://boxd.it/20v2,3
2023-03-31,Astérix at the Olympic Games,2008,https://boxd.it/26Nw,1
2023-03-31,Let the Right One In,2008,https://boxd.it/1Qr0,4
2023-03-31,Cloverfield,2008,https://boxd.it/2192,4
2023-03-31,Meet the Spartans,2008,https://boxd.it/213S,0.5
2023-03-31,National Treasure: Book of Secrets,2007,https://boxd.it/21rq,3
2023-03-31,Futurama: Bender's Big Score,2007,https://boxd.it/215Y,3.5
2023-03-31,Mr. Magorium's Wonder Emporium,2007,https://boxd.it/271o,1
2023-03-31,14 Kilometers,2007,https://boxd.it/Cea,3
2023-03-31,There Will Be Blood,2007,https://boxd.it/20Z2,4
2023-03-31,Bee Movie,2007,https://boxd.it/22Vw,4
2023-03-31,The Simpsons Movie,2007,https://boxd.it/6YU,3.5
2023-03-31,Harry Potter and the Order of the Phoenix,2007,https://boxd.it/29Qe,3.5
2023-03-31,The Man from Earth,2007,https://boxd.it/1Ql2,4
2023-03-31,Evan Almighty,2007,https://boxd.it/26s4,1
2023-03-31,Surf's Up,2007,https://boxd.it/1YKY,2
2023-03-31,Death Proof,2007,https://boxd.it/27GG,4
2023-03-31,The Orphanage,2007,https://boxd.it/2bfE,3.5
2023-03-31,Pirates of the Caribbean: At World's End,2007,https://boxd.it/2aGu,3
2023-03-31,Shrek the Third,2007,https://boxd.it/29yY,1.5
2023-03-31,Spider-Man 3,2007,https://boxd.it/2a7Y,2.5
2023-03-31,Paul,2011,https://boxd.it/13uE,2.5
2023-03-31,Disturbia,2007,https://boxd.it/20rk,3
2023-03-31,Meet the Robinsons,2007,https://boxd.it/28Ym,3
2023-03-31,Mr. Bean's Holiday,2007,https://boxd.it/28Yc,3
2023-03-31,Superbad,2007,https://boxd.it/20hO,3.5
2023-03-31,Knocked Up,2007,https://boxd.it/23yS,3
2023-03-31,Wild Hogs,2007,https://boxd.it/1Uok,2
2023-03-31,Billy & Mandy's Big Boogey Adventure,2007,https://boxd.it/1IRk,3.5
2023-03-31,Norbit,2007,https://boxd.it/1XSM,0.5
2023-03-31,Epic Movie,2007,https://boxd.it/1XSs,0.5
2023-03-31,Clerks,1994,https://boxd.it/2706,2.5
2023-04-01,Teen Beach Movie,2013,https://boxd.it/5rKa,1
2023-04-01,Ice Age: Continental Drift,2012,https://boxd.it/lQ2,3
2023-04-01,Dragonball Evolution,2009,https://boxd.it/1ODy,0.5
2023-04-01,Alvin and the Chipmunks,2007,https://boxd.it/21E0,1
2023-04-01,Mortadelo & Filemon Mission Save the Planet,2008,https://boxd.it/2O2u,2
2023-04-01,Ghost Rider,2007,https://boxd.it/290M,3
2023-04-01,Night at the Museum,2006,https://boxd.it/28wi,2.5
2023-04-01,Happily N'Ever After,2006,https://boxd.it/236E,0.5
2023-04-01,Arthur and the Invisibles,2006,https://boxd.it/1Xm2,3
2023-04-01,Blood Diamond,2006,https://boxd.it/28Tm,3
2023-04-01,Happy Feet,2006,https://boxd.it/1XH0,2
2023-04-01,Can Tunis,2006,https://boxd.it/4dqe,3.5
2023-04-01,The Prestige,2006,https://boxd.it/293w,3
2023-04-01,Children of Men,2006,https://boxd.it/1Y2i,4.5
2023-04-01,Open Season,2006,https://boxd.it/20U2,2
2023-04-01,How to Eat Fried Worms,2006,https://boxd.it/1yhw,1.5
2023-04-01,The Ant Bully,2006,https://boxd.it/1XyM,1.5
2023-04-01,Click,2006,https://boxd.it/1YVM,3.5
2023-04-01,Borat: Cultural Learnings of America for Make Benefit Glorious Nation of Kazakhstan,2006,https://boxd.it/2agQ,3
2023-04-01,Barnyard,2006,https://boxd.it/1XyC,3
2023-04-01,Monster House,2006,https://boxd.it/1Z2e,3.5
2023-04-01,Garfield: A Tail of Two Kitties,2006,https://boxd.it/1YuG,2.5
2023-04-01,A Scanner Darkly,2006,https://boxd.it/25jK,3.5
2023-04-01,RV,2006,https://boxd.it/1YrW,0.5
2023-04-01,Over the Hedge,2006,https://boxd.it/20QY,3.5
2023-04-01,Scary Movie 4,2006,https://boxd.it/24B4,1.5
2023-04-01,Ice Age: The Meltdown,2006,https://boxd.it/2wRk,3.5
2023-04-01,Cars,2006,https://boxd.it/29ho,3.5
2023-04-01,Final Destination 3,2006,https://boxd.it/1Z40,2.5
2023-04-01,Big Momma's House 2,2006,https://boxd.it/1TxA,2
2023-04-01,Everything Will Be OK,2006,https://boxd.it/1h0y,4.5
2023-04-01,Little Miss Sunshine,2006,https://boxd.it/29EW,4.5
2023-04-01,Hoodwinked!,2005,https://boxd.it/1UVS,3
2023-04-01,"The Chronicles of Narnia: The Lion, the Witch and the Wardrobe",2005,https://boxd.it/2ark,3
2023-04-01,Kirikou and the Wild Beasts,2005,https://boxd.it/1PE8,3.5
2023-04-01,King Kong,2005,https://boxd.it/2aLa,3
2023-04-01,Just Friends,2005,https://boxd.it/1XfA,1.5
2023-04-01,Harry Potter and the Goblet of Fire,2005,https://boxd.it/29Qo,3.5
2023-04-01,Zathura: A Space Adventure,2005,https://boxd.it/21mq,3
2023-04-01,Chicken Little,2005,https://boxd.it/1Xnu,3
2023-04-01,Torrente 3: The Protector,2005,https://boxd.it/28VW,3
2023-04-01,Thank You for Smoking,2005,https://boxd.it/1YOc,4
2023-04-01,Oliver Twist,2005,https://boxd.it/2aKG,3
2023-04-01,Red Eye,2005,https://boxd.it/1TNy,3
2023-04-01,Charlie and the Chocolate Factory,2005,https://boxd.it/2b68,4
2023-04-01,Fantastic Four,2005,https://boxd.it/1XVw,2.5
2023-04-01,Herbie Fully Loaded,2005,https://boxd.it/1TP0,2
2023-04-01,War of the Worlds,2005,https://boxd.it/2bde,3.5
2023-04-01,Madagascar,2005,https://boxd.it/29dc,3
2023-04-01,Caché,2005,https://boxd.it/2amY,3
2023-04-01,Valiant,2005,https://boxd.it/1OBM,2
2023-04-01,Robots,2005,https://boxd.it/1Xve,3
2023-04-01,Son of the Mask,2005,https://boxd.it/1WNQ,1
2023-04-01,Brick,2005,https://boxd.it/1Z6A,4
2023-04-01,Lemony Snicket's A Series of Unfortunate Events,2004,https://boxd.it/1T7s,3.5
2023-04-01,Million Dollar Baby,2004,https://boxd.it/2bdI,4
2023-04-01,El asombroso mundo de Borjamari y Pocholo,2004,https://boxd.it/4nkA,0.5
2023-04-01,The SpongeBob SquarePants Movie,2004,https://boxd.it/1SYq,4
2023-04-01,National Treasure,2004,https://boxd.it/27x0,3
2023-04-01,The Incredibles,2004,https://boxd.it/1XLm,3.5
2023-04-01,The Polar Express,2004,https://boxd.it/23am,3
2023-04-01,Shark Tale,2004,https://boxd.it/1VYe,3
2023-04-01,Catwoman,2004,https://boxd.it/2aBY,0.5
2023-04-01,The Notebook,2004,https://boxd.it/1UNE,1
2023-04-01,White Chicks,2004,https://boxd.it/1SpK,0.5
2023-04-01,Around the World in 80 Days,2004,https://boxd.it/1WPs,2.5
2023-04-01,The Terminal,2004,https://boxd.it/2a2O,3
2023-04-01,Garfield,2004,https://boxd.it/1ZAA,2.5
2023-04-01,Harry Potter and the Prisoner of Azkaban,2004,https://boxd.it/29Qy,3.5
2023-04-01,Harold & Kumar Go to White Castle,2004,https://boxd.it/1Ueu,0.5
2023-04-01,The Day After Tomorrow,2004,https://boxd.it/2aog,2
2023-04-01,Shrek 2,2004,https://boxd.it/29z8,3.5
2023-04-01,Mean Girls,2004,https://boxd.it/1VNg,1.5
2023-04-01,Kill Bill: Vol. 2,2004,https://boxd.it/2au4,4.5
2023-04-01,Scooby-Doo 2: Monsters Unleashed,2004,https://boxd.it/1UPA,2
2023-04-01,The Chorus,2004,https://boxd.it/22X8,4.5
2023-04-01,Hotel Rwanda,2004,https://boxd.it/2aSA,3.5
2023-04-01,The Girl Next Door,2004,https://boxd.it/1VSq,3
2023-04-01,The Butterfly Effect,2004,https://boxd.it/27M0,4
2023-04-01,Super Size Me,2004,https://boxd.it/1YQC,3.5
2023-04-01,Big Fish,2003,https://boxd.it/2a3M,4
2023-04-01,The Haunted Mansion,2003,https://boxd.it/1Vtq,3
2023-04-01,Looney Tunes: Back in Action,2003,https://boxd.it/1Vzo,3
2023-04-01,Planta 4ª,2003,https://boxd.it/11OC,3
2023-04-01,Scary Movie 3,2003,https://boxd.it/24Be,3
2023-04-01,School of Rock,2003,https://boxd.it/28xK,3
2023-04-01,Kill Bill: Vol. 1,2003,https://boxd.it/70w,4
2023-04-01,November,2003,https://boxd.it/1XQ2,3.5
2023-04-01,Love Actually,2003,https://boxd.it/2aeU,3.5
2023-04-01,La fiesta,2003,https://boxd.it/4kYC,0.5
2023-04-01,Terminator 3: Rise of the Machines,2003,https://boxd.it/2aES,1
2023-04-01,Pirates of the Caribbean: The Curse of the Black Pearl,2003,https://boxd.it/70G,4
2023-04-01,Hulk,2003,https://boxd.it/27PS,2
2023-04-01,Finding Nemo,2003,https://boxd.it/72i,4
2023-04-01,Elephant,2003,https://boxd.it/287i,4.5
2023-04-01,Dumb and Dumberer: When Harry Met Lloyd,2003,https://boxd.it/1WXw,0.5
2023-04-01,Agent Cody Banks,2003,https://boxd.it/1V4g,1.5
2023-04-01,Mystic River,2003,https://boxd.it/2aAG,4.5
2023-04-01,Mortadelo & Filemon: The Big Adventure,2003,https://boxd.it/1Zsc,4
2023-04-01,Harry Potter and the Chamber of Secrets,2002,https://boxd.it/29QI,3.5
2023-04-01,8 Mile,2002,https://boxd.it/2bew,3
2023-04-01,Spy Kids 2: The Island of Lost Dreams,2002,https://boxd.it/1Yyo,1
2023-04-01,Signs,2002,https://boxd.it/26t2,3
2023-04-01,Stuart Little 2,2002,https://boxd.it/1UTW,2
2023-04-01,Men in Black II,2002,https://boxd.it/2a0y,3
2023-04-01,The Powerpuff Girls Movie,2002,https://boxd.it/ibg,3
2023-04-01,Scooby-Doo,2002,https://boxd.it/1YaQ,3
2023-04-01,The Pianist,2002,https://boxd.it/2aqc,4.5
2023-04-01,Irreversible,2002,https://boxd.it/29as,4
2023-04-01,Star Wars: Episode II - Attack of the Clones,2002,https://boxd.it/27V2,3.5
2023-04-01,About a Boy,2002,https://boxd.it/2aMC,3
2023-04-01,Ali G Indahouse,2002,https://boxd.it/1Z24,3.5
2023-04-01,Ice Age,2002,https://boxd.it/2apS,3.5
2023-04-01,Asterix & Obelix: Mission Cleopatra,2002,https://boxd.it/268o,1.5
2023-04-01,Gerry,2002,https://boxd.it/27LG,4
2023-04-01,Jimmy Neutron: Boy Genius,2001,https://boxd.it/1RDm,2
2023-04-01,The Lord of the Rings: The Fellowship of the Ring,2001,https://boxd.it/2b5O,4
2023-04-01,Harry Potter and the Philosopher's Stone,2001,https://boxd.it/29QS,4
2023-04-01,Zoolander,2001,https://boxd.it/1YMA,4
2023-04-01,American Pie 2,2001,https://boxd.it/26kO,3
2023-04-01,The Princess Diaries,2001,https://boxd.it/1XCO,1.5
2023-04-01,Jurassic Park III,2001,https://boxd.it/2azI,0.5
2023-04-01,Legally Blonde,2001,https://boxd.it/1ZNa,1.5
2023-04-01,Scary Movie 2,2001,https://boxd.it/24Cw,3
2023-04-01,Shrek,2001,https://boxd.it/29zi,3.5
2023-04-01,The Animal,2001,https://boxd.it/1UFg,1.5
2023-04-01,Torrente 2: Mission in Marbella,2001,https://boxd.it/28W6,3.5
2023-04-01,Spy Kids,2001,https://boxd.it/1Xcw,2
2023-04-01,The Emperor's New Groove,2000,https://boxd.it/1Tey,4
2023-04-01,"Dude, Where's My Car?",2000,https://boxd.it/1ZJi,2
2023-04-01,Cast Away,2000,https://boxd.it/20i8,4
2023-04-01,How the Grinch Stole Christmas,2000,https://boxd.it/1ZHQ,3
2023-04-01,Little Nicky,2000,https://boxd.it/1Y4I,3.5
2023-04-01,Charlie's Angels,2000,https://boxd.it/24v6,0.5
2023-04-01,The Little Vampire,2000,https://boxd.it/1yji,1
2023-04-01,Pellet,2000,https://boxd.it/1flY,3
2023-04-01,Pay It Forward,2000,https://boxd.it/1VJI,3
2023-04-01,Common Wealth,2000,https://boxd.it/1TL8,4
2023-04-01,Coyote Ugly,2000,https://boxd.it/21PW,1
2023-04-01,Scary Movie,2000,https://boxd.it/24CG,3.5
2023-04-01,"Me, Myself & Irene",2000,https://boxd.it/27nY,3
2023-04-01,Chicken Run,2000,https://boxd.it/20Xg,3.5
2023-04-01,Big Momma's House,2000,https://boxd.it/1YgO,3
2023-04-01,Billy Elliot,2000,https://boxd.it/2bdy,4
2023-04-01,Dinosaur,2000,https://boxd.it/1VWi,1.5
2023-04-01,Dancer in the Dark,2000,https://boxd.it/71E,4.5
2023-04-01,Yi Yi,2000,https://boxd.it/1vCw,3.5
2023-04-01,Amores Perros,2000,https://boxd.it/2bfu,4
2023-04-01,American Psycho,2000,https://boxd.it/28Vs,3.5
2023-04-01,Toy Story 2,1999,https://boxd.it/29qq,4
2023-04-01,Fantasia 2000,1999,https://boxd.it/ENG,4
2023-04-01,Butterfly,1999,https://boxd.it/1k2s,3.5
2023-04-01,The Green Mile,1999,https://boxd.it/2agG,4.5
2023-04-01,The Sixth Sense,1999,https://boxd.it/29Js,4.5
2023-04-01,"South Park: Bigger, Longer & Uncut",1999,https://boxd.it/1YAO,4
2023-04-01,The Iron Giant,1999,https://boxd.it/1Wow,4.5
2023-04-01,American Pie,1999,https://boxd.it/27qy,3
2023-04-01,Star Wars: Episode I - The Phantom Menace,1999,https://boxd.it/27Vc,3
2023-04-01,Asterix & Obelix Take on Caesar,1999,https://boxd.it/1Yms,2
2023-04-01,The Faculty,1998,https://boxd.it/1Z5C,3
2023-04-01,The Miracle of P. Tinto,1998,https://boxd.it/1lS0,4.5
2023-04-01,Kirikou and the Sorceress,1998,https://boxd.it/1C3y,3.5
2023-04-01,Patch Adams,1998,https://boxd.it/1Wzk,3.5
2023-04-01,Rushmore,1998,https://boxd.it/1TAO,3.5
2023-04-01,Saving Private Ryan,1998,https://boxd.it/29ro,4.5
2023-04-01,"Lock, Stock and Two Smoking Barrels",1998,https://boxd.it/2b92,4
2023-04-01,The Parent Trap,1998,https://boxd.it/1XJq,3
2023-04-01,There's Something About Mary,1998,https://boxd.it/2aae,4
2023-04-01,Dennis the Menace Strikes Again!,1998,https://boxd.it/PZS,0.5
2023-04-01,Small Soldiers,1998,https://boxd.it/1TzQ,3
2023-04-01,American History X,1998,https://boxd.it/2bdo,4
2023-04-01,The Truman Show,1998,https://boxd.it/18U8,4.5
2023-04-01,Plump Fiction,1998,https://boxd.it/13JY,3
2023-04-01,Doctor Dolittle,1998,https://boxd.it/25RM,3
2023-04-01,The Big Lebowski,1998,https://boxd.it/2b6C,4
2023-04-01,As Good as It Gets,1997,https://boxd.it/268y,4.5
2023-04-01,MouseHunt,1997,https://boxd.it/21PM,3
2023-04-01,The Borrowers,1997,https://boxd.it/1YEw,2.5
2023-04-01,Flubber,1997,https://boxd.it/1YkQ,2.5
2023-04-01,Starship Troopers,1997,https://boxd.it/2a7k,3
2023-04-01,Titanic,1997,https://boxd.it/2a2k,4
2023-04-01,Boogie Nights,1997,https://boxd.it/23um,4.5
2023-04-01,Cube,1997,https://boxd.it/2aoU,4
2023-04-01,Gummo,1997,https://boxd.it/1H0Y,5
2023-04-01,Good Burger,1997,https://boxd.it/1Nkg,1
2023-04-01,George of the Jungle,1997,https://boxd.it/1VQO,3
2023-04-01,Perfect Blue,1997,https://boxd.it/1W7A,4.5
2023-04-01,Bean,1997,https://boxd.it/28WA,2.5
2023-04-01,Men in Black,1997,https://boxd.it/2a0I,3.5
2023-04-01,The Lost World: Jurassic Park,1997,https://boxd.it/2azS,2.5
2023-04-01,Liar Liar,1997,https://boxd.it/28sg,3
2023-04-01,"Honey, We Shrunk Ourselves",1997,https://boxd.it/1TS4,2.5
2023-04-01,Beverly Hills Ninja,1997,https://boxd.it/1Ydg,2
2023-04-01,Scream,1996,https://boxd.it/24EC,4
2023-04-01,Beavis and Butt-Head Do America,1996,https://boxd.it/25zo,4
2023-04-01,Mars Attacks!,1996,https://boxd.it/2bd4,4
2023-04-01,101 Dalmatians,1996,https://boxd.it/1TgO,3
2023-04-01,Jingle All the Way,1996,https://boxd.it/1Z58,2.5
2023-04-01,Space Jam,1996,https://boxd.it/26YO,3.5
2023-04-01,Jack,1996,https://boxd.it/21au,2.5
2023-04-01,Matilda,1996,https://boxd.it/1VhY,3.5
2023-04-01,The Hunchback of Notre Dame,1996,https://boxd.it/1VZQ,3.5
2023-04-01,The Cable Guy,1996,https://boxd.it/1XAI,3
2023-04-01,Thesis,1996,https://boxd.it/1Z1U,4.5
2023-04-01,The Arrival,1996,https://boxd.it/1VZw,1
2023-04-01,Happy Gilmore,1996,https://boxd.it/1Yey,3.5
2023-04-01,From Dusk Till Dawn,1996,https://boxd.it/29HQ,3
2023-04-01,Jumanji,1995,https://boxd.it/1ZLI,3.5
2023-04-01,Ace Ventura: When Nature Calls,1995,https://boxd.it/1Z66,3
2023-04-01,Casino,1995,https://boxd.it/2ads,4
2023-04-01,Toy Story,1995,https://boxd.it/29qA,5
2023-04-01,Powder,1995,https://boxd.it/1Rso,2.5
2023-04-01,Showgirls,1995,https://boxd.it/1Vmk,4
2023-04-01,Se7en,1995,https://boxd.it/29zs,3.5
2023-04-01,The Day of the Beast,1995,https://boxd.it/1Vyg,4
2023-04-01,Free Willy 2: The Adventure Home,1995,https://boxd.it/1Zeu,1.5
2023-04-01,Babe,1995,https://boxd.it/1Yh8,2
2023-04-01,Casper,1995,https://boxd.it/1ZMw,3
2023-04-01,Problem Child 3,1995,https://boxd.it/1pdq,0.5
2023-04-01,Dumb and Dumber,1994,https://boxd.it/206m,3.5
2023-04-01,Junior,1994,https://boxd.it/21Qg,1.5
2023-04-01,Interview with the Vampire,1994,https://boxd.it/29XO,3
2023-04-01,The Shawshank Redemption,1994,https://boxd.it/2aHi,4
2023-04-01,The Little Rascals,1994,https://boxd.it/1V8i,3
2023-04-01,American Wedding,2003,https://boxd.it/20r0,3
2023-04-01,Women on the Verge of a Nervous Breakdown,1988,https://boxd.it/24GI,2.5
2023-04-01,The Good Son,1993,https://boxd.it/1Z6g,3
2023-04-01,Fantasia,1940,https://boxd.it/29HG,4
2023-04-01,Alice in Wonderland,2010,https://boxd.it/1Spq,3
2023-04-01,Futurama: The Beast with a Billion Backs,2008,https://boxd.it/1R5O,3.5
2023-04-01,The Mighty,1998,https://boxd.it/1XJg,2
2023-04-01,Kindergarten Cop,1990,https://boxd.it/29dm,3
2023-04-01,Airplane!,1980,https://boxd.it/29yu,3
2023-04-01,Look Who's Talking,1989,https://boxd.it/1YxA,1
2023-04-01,Jurassic Park,1993,https://boxd.it/2aA2,3.5
2023-04-01,Twins,1988,https://boxd.it/1YxK,2.5
2023-04-01,The Avengers,2012,https://boxd.it/1xFW,1.5
2023-04-01,The Lion King,1994,https://boxd.it/201Q,4
2023-04-01,Pirates of the Caribbean: Dead Man's Chest,2006,https://boxd.it/2bfk,3
2023-04-01,Your Name.,2016,https://boxd.it/cUqs,4.5
2023-04-01,The Mask,1994,https://boxd.it/29rS,3
2023-04-01,"Honey, I Shrunk the Kids",1989,https://boxd.it/1YTw,3
2023-04-01,Young Frankenstein,1974,https://boxd.it/25To,4
2023-04-01,The Flintstones in Viva Rock Vegas,2000,https://boxd.it/29me,0.5
2023-04-01,"Paris, Texas",1984,https://boxd.it/29Ts,4.5
2023-04-01,Lady and the Tramp,1955,https://boxd.it/1Wv8,2.5
2023-04-01,Rocky,1976,https://boxd.it/28Uk,4
2023-04-01,Poltergeist,1982,https://boxd.it/2a0o,3.5
2023-04-01,Poltergeist II: The Other Side,1986,https://boxd.it/1Uyu,0.5
2023-04-01,Poltergeist III,1988,https://boxd.it/1WAi,0.5
2023-04-01,Sister Act,1992,https://boxd.it/27EA,3
2023-04-01,Sister Act 2: Back in the Habit,1993,https://boxd.it/21Qq,3
2023-04-01,Dirty Dancing,1987,https://boxd.it/2baY,1
2023-04-01,Best Night Ever,2013,https://boxd.it/71gi,0.5
2023-04-01,Star Wars: Episode III - Revenge of the Sith,2005,https://boxd.it/27US,3.5
2023-04-01,Return of the Jedi,1983,https://boxd.it/27Vm,4.5
2023-04-01,Jaws 3-D,1983,https://boxd.it/1Idu,0.5
2023-04-01,Star Wars,1977,https://boxd.it/72s,4.5
2023-04-01,The Empire Strikes Back,1980,https://boxd.it/27Vw,4.5
2023-04-01,Edward Scissorhands,1990,https://boxd.it/2aZc,4
2023-04-01,Indiana Jones and the Temple of Doom,1984,https://boxd.it/2bb8,3.5
2023-04-01,Ghostbusters II,1989,https://boxd.it/261s,3
2023-04-01,Ghostbusters,1984,https://boxd.it/g2w,3.5
2023-04-01,Modern Times,1936,https://boxd.it/25MC,4.5
2023-04-01,This Boy's Life,1993,https://boxd.it/20yg,3
2023-04-01,Reservoir Dogs,1992,https://boxd.it/2agc,4
2023-04-01,Ghostbusters,2016,https://boxd.it/Vm8,0.5
2023-04-01,The Telephone Box,1972,https://boxd.it/xKU,4
2023-04-01,The Great Dictator,1940,https://boxd.it/29ic,4.5
2023-04-01,Ace Ventura: Pet Detective,1994,https://boxd.it/25RW,3
2023-04-01,Grease,1978,https://boxd.it/29YW,3
2023-04-01,Gremlins,1984,https://boxd.it/29gg,3.5
2023-04-01,Amadeus,1984,https://boxd.it/2aH8,4.5
2023-04-01,Gremlins 2: The New Batch,1990,https://boxd.it/29g6,2.5
2023-04-01,Annie Hall,1977,https://boxd.it/29M2,4.5
2023-04-01,Making 'The Shining',1980,https://boxd.it/1G9A,4
2023-04-01,Addams Family Values,1993,https://boxd.it/26mq,3.5
2023-04-01,The Addams Family,1991,https://boxd.it/267g,3.5
2023-04-01,Problem Child,1990,https://boxd.it/1UH2,3
2023-04-01,E.T. the Extra-Terrestrial,1982,https://boxd.it/2a1G,4
2023-04-01,Stand by Me,1986,https://boxd.it/2aOe,4
2023-04-01,Cinderella,1950,https://boxd.it/1Uki,3
2023-04-01,RoboCop,1987,https://boxd.it/22Wu,4
2023-04-01,Beethoven's 2nd,1993,https://boxd.it/1Wgs,1
2023-04-01,Beethoven,1992,https://boxd.it/1T36,2
2023-04-01,The Breakfast Club,1985,https://boxd.it/27q4,2
2023-04-01,The Naked Gun 2½: The Smell of Fear,1991,https://boxd.it/18Yu,3
2023-04-01,The Naked Gun: From the Files of Police Squad!,1988,https://boxd.it/18YE,4
2023-04-01,Dennis the Menace,1993,https://boxd.it/1SrQ,0.5
2023-04-01,Groundhog Day,1993,https://boxd.it/2b3e,3.5
2023-04-01,Rear Window,1954,https://boxd.it/2a6Q,4.5
2023-04-01,Asterix: The Mansions of the Gods,2014,https://boxd.it/5gge,3.5
2023-04-01,Pinocchio,1940,https://boxd.it/1V8C,3
2023-04-01,Short Circuit 2,1988,https://boxd.it/1SEA,2.5
2023-04-01,The Twelve Tasks of Asterix,1976,https://boxd.it/1YOG,4
2023-04-01,Short Circuit,1986,https://boxd.it/26zY,3
2023-04-01,Free Willy,1993,https://boxd.it/28qO,1
2023-04-01,Terminator 2: Judgment Day,1991,https://boxd.it/2aGY,4.5
2023-04-01,The Terminator,1984,https://boxd.it/2aQY,3.5
2023-04-01,Valerian and the City of a Thousand Planets,2017,https://boxd.it/biYY,3
2023-04-01,Baby's Day Out,1994,https://boxd.it/1Ume,1.5
2023-04-01,The Nightmare Before Christmas,1993,https://boxd.it/1YzQ,4.5
2023-04-01,Die Hard,1988,https://boxd.it/2a7u,3.5
2023-04-01,The Godfather,1972,https://boxd.it/2aNK,4
2023-04-01,Turner & Hooch,1989,https://boxd.it/21ie,1.5
2023-04-01,Welcome Mr. Marshall!,1953,https://boxd.it/1i50,4.5
2023-04-01,Home Alone,1990,https://boxd.it/29Fg,3.5
2023-04-01,Home Alone 2: Lost in New York,1992,https://boxd.it/29F6,3.5
2023-04-01,Hot Shots!,1991,https://boxd.it/1YhC,3.5
2023-04-01,Problem Child 2,1991,https://boxd.it/1pe4,2.5
2023-04-01,Dogtooth,2009,https://boxd.it/158K,4.5
2023-04-01,Wallace & Gromit: The Curse of the Were-Rabbit,2005,https://boxd.it/2ac0,3.5
2023-04-01,Close Encounters of the Third Kind,1977,https://boxd.it/29u8,4
2023-04-01,Koyaanisqatsi,1982,https://boxd.it/1U9E,4.5
2023-04-01,The Silence of the Lambs,1991,https://boxd.it/2aHW,4.5
2023-04-01,Cocoon,1985,https://boxd.it/1Wx4,3
2023-04-01,Troll 2,1990,https://boxd.it/1sTE,5
2023-04-01,Pepito Piscinas,1978,https://boxd.it/5KTU,5
2023-04-01,A Trip to the Moon,1902,https://boxd.it/29EC,4.5
2023-04-01,The Witches,1990,https://boxd.it/1WVg,3
2023-04-01,Willy Wonka & the Chocolate Factory,1971,https://boxd.it/2aLu,1.5
2023-04-01,La ciudad no es para mí,1966,https://boxd.it/333M,1.5
2023-04-01,True Romance,1993,https://boxd.it/2aBa,4
2023-04-01,Unforgiven,1992,https://boxd.it/6Z4,4.5
2023-04-01,Psycho,1960,https://boxd.it/2ab2,4.5
2023-04-01,Raiders of the Lost Ark,1981,https://boxd.it/2bbs,4
2023-04-01,The Wrong Trousers,1993,https://boxd.it/2ack,4
2023-04-01,Singin' in the Rain,1952,https://boxd.it/29oY,4.5
2023-04-01,Alien,1979,https://boxd.it/2awY,4
2023-04-01,GoodFellas,1990,https://boxd.it/29FA,4.5
2023-04-01,Citizen Kane,1941,https://boxd.it/71O,4
2023-04-01,Pan's Labyrinth,2006,https://boxd.it/28No,3.5
2023-04-01,A Clockwork Orange,1971,https://boxd.it/2aVE,4
2023-04-01,Forrest Gump,1994,https://boxd.it/728,4.5
2023-04-01,Last Year at Marienbad,1961,https://boxd.it/24Qe,4
2023-04-01,The Wolf of Wall Street,2013,https://boxd.it/3C1m,4
2023-04-01,The Spirit of the Beehive,1973,https://boxd.it/24eY,3.5
2023-04-01,Jaws,1975,https://boxd.it/2a5e,3.5
2023-04-01,Barton Fink,1991,https://boxd.it/2aFQ,4
2023-04-01,The Fly,1986,https://boxd.it/1YIe,3.5
2023-04-01,Hour of the Wolf,1968,https://boxd.it/1H9G,4
2023-04-01,Un Chien Andalou,1929,https://boxd.it/29Y8,4
2023-04-01,Mrs. Doubtfire,1993,https://boxd.it/29Cw,3
2023-04-01,Child's Play 2,1990,https://boxd.it/1Uqq,3.5
2023-04-01,The Running Man,1987,https://boxd.it/29q6,3
2023-04-01,Crocodile Dundee,1986,https://boxd.it/1Y5Q,0.5
2023-04-01,The Butterfly Circus,2009,https://boxd.it/kfa,1.5
2023-04-01,Happiness,2017,https://boxd.it/hCFO,3
2023-04-01,WHAT DID JACK DO?,2017,https://boxd.it/jcWe,3
2023-04-01,Dante's Lunch,2017,https://boxd.it/g0Tc,3
2023-04-01,Are you lost in the world like me?,2016,https://boxd.it/p1kU,0.5
2023-04-01,pizza movie,2016,https://boxd.it/nrPU,3
2023-04-01,Don't Hug Me I'm Scared 6,2016,https://boxd.it/e9Ne,4
2023-04-01,Piper,2016,https://boxd.it/dZaG,4
2023-04-01,Robot Chicken DC Comics Special III: Magical Friendship,2015,https://boxd.it/cAUW,3
2023-04-01,Riley's First Date?,2015,https://boxd.it/bZN0,3
2023-04-01,Horsin' Around,2015,https://boxd.it/igxg,3
2023-04-01,Don't Hug Me I'm Scared 4,2015,https://boxd.it/b094,4
2023-04-01,asdfmovie9,2015,https://boxd.it/oVbW,3
2023-04-01,Surveillance Camera Man,2014,https://boxd.it/fisQ,4.5
2023-04-01,Eat My Shit,2015,https://boxd.it/aAhw,0.5
2023-04-01,asdfmovie8,2014,https://boxd.it/oVbM,3
2023-04-01,Don't Hug Me I'm Scared 3,2014,https://boxd.it/9ytS,3.5
2023-04-01,Wake Up Call,2014,https://boxd.it/jSFY,2
2023-04-01,Blank: A Vinylmation Love Story,2014,https://boxd.it/7wCa,3.5
2023-04-01,Toy Story of Terror!,2013,https://boxd.it/6m2Y,3
2023-04-01,Party Central,2013,https://boxd.it/7Dce,3
2023-04-01,Sharknado,2013,https://boxd.it/69Qc,1.5
2023-04-01,asdfmovie6,2013,https://boxd.it/oVb8,3
2023-04-01,Robot Chicken: DC Comics Special,2012,https://boxd.it/4Cys,3.5
2023-04-01,Maggie Simpson in The Longest Daycare,2012,https://boxd.it/3Sjc,3
2023-04-01,Lights Out,2013,https://boxd.it/7GU4,3
2023-04-01,Robot Chicken DC Comics Special II: Villains in Paradise,2014,https://boxd.it/7Qbe,3.5
2023-04-01,Man,2012,https://boxd.it/80Bw,2.5
2023-04-01,Time Travel Mater,2012,https://boxd.it/4wJ0,2.5
2023-04-01,asdfmovie5,2012,https://boxd.it/oVaO,3
2023-04-01,asdfmovie4,2011,https://boxd.it/oVau,3
2023-04-01,In The Fall,2011,https://boxd.it/AI7m,2.5
2023-04-01,Air Mater,2011,https://boxd.it/4CLc,2
2023-04-01,Don't Hug Me I'm Scared,2011,https://boxd.it/4afW,4
2023-04-01,Robot Chicken: Star Wars Episode III,2010,https://boxd.it/AjC,3.5
2023-04-01,Family Guy Presents: It's a Trap!,2010,https://boxd.it/8v4S,3
2023-04-02,It,1990,https://boxd.it/26tG,2.5
2023-04-02,Back to the Future,1985,https://boxd.it/2b8e,4
2023-04-02,The Goonies,1985,https://boxd.it/1YVC,3.5
2023-04-02,Beetlejuice,1988,https://boxd.it/24QI,4
2023-04-02,The Little Nightingale,1957,https://boxd.it/3qwi,1.5
2023-04-02,Robot Chicken: Star Wars,2007,https://boxd.it/VBs,3.5
2023-04-02,Empire of the Sun,1987,https://boxd.it/1X4i,4
2023-04-02,Misery,1990,https://boxd.it/28gY,4
2023-04-02,Little Shop of Horrors,1986,https://boxd.it/1Vqm,4
2023-04-02,The Room,2003,https://boxd.it/1ICY,2
2023-04-02,Mary Poppins,1964,https://boxd.it/2aoA,3.5
2023-04-02,Child's Play,1988,https://boxd.it/1VTo,3.5
2023-04-02,"Makinavaja, el último choriso",1992,https://boxd.it/3ltI,2.5
2023-04-02,House,1985,https://boxd.it/1TTG,3
2023-04-02,What's Eating Gilbert Grape,1993,https://boxd.it/28xg,4
2023-04-02,Lord of the Flies,1990,https://boxd.it/1Vfe,2.5
2023-04-02,Jingle All the Way 2,2014,https://boxd.it/934s,0.5
2023-04-02,Dug Days,2021,https://boxd.it/wMAE,4
2023-04-02,Pretty Woman,1990,https://boxd.it/2b6M,3
2023-04-02,The Flintstones,1994,https://boxd.it/29mo,2.5
2023-04-02,Au Revoir les Enfants,1987,https://boxd.it/288U,4
2023-04-02,The War of the Roses,1989,https://boxd.it/2aLY,3.5
2023-04-02,Stewie Griffin: The Untold Story,2005,https://boxd.it/4ca,3
2023-04-02,Family Guy Presents: Blue Harvest,2007,https://boxd.it/oiw2,3
2023-04-02,The Birds,1963,https://boxd.it/2a6m,3.5
2023-04-02,Duel,1971,https://boxd.it/29ui,4
2023-04-02,Bill & Ted's Excellent Adventure,1989,https://boxd.it/28oI,2.5
2023-04-02,Kramer vs. Kramer,1979,https://boxd.it/h0w,2.5
2023-04-02,Indiana Jones and the Last Crusade,1989,https://boxd.it/2baO,4
2023-04-02,In the Night Garden: Who's Here,2007,https://boxd.it/1aB8,3
2023-04-02,The Jungle Book,1967,https://boxd.it/1YY2,3.5
2023-04-02,Old Man Made in Spain,1969,https://boxd.it/32Os,1.5
2023-04-02,The Weeknd: After Hours,2020,https://boxd.it/pnHQ,3.5
2023-04-02,The Spirit of Christmas,1992,https://boxd.it/1K2o,3
2023-04-02,BURN·E,2008,https://boxd.it/1QdM,3.5
2023-04-02,Rabbids,,https://boxd.it/on4M,2
2023-04-02,South Park: Post COVID: The Return of COVID,2021,https://boxd.it/wYo6,3.5
2023-04-02,asdfmovie3,2010,https://boxd.it/oVak,3
2023-04-02,Australian Psycho,2016,https://boxd.it/eo1k,3
2023-04-02,asdfmovie2,2010,https://boxd.it/oVaa,3
2023-04-02,asdfmovie,2008,https://boxd.it/oVa0,3
2023-04-02,Wishing Apple,2019,https://boxd.it/mNE8,3.5
2023-04-02,The 1882 Transit of Venus,1882,https://boxd.it/wA0O,2.5
2023-04-02,asdfmovie7,2013,https://boxd.it/oVbi,3
2023-04-02,Luxo Jr.,1986,https://boxd.it/1P7y,3.5
2023-04-02,The Astronomer's Dream,1898,https://boxd.it/3yr6,4
2023-04-02,Bad,1987,https://boxd.it/bp7W,3.5
2023-04-02,Horse and Rider Jumping Over an Obstacle,1888,https://boxd.it/b5Mg,2.5
2023-04-02,Toy Story That Time Forgot,2014,https://boxd.it/7zVa,3
2023-04-02,The Arrival of a Train at La Ciotat,1897,https://boxd.it/2aZw,3
2023-04-02,Man 2020,2020,https://boxd.it/q3Sw,1
2023-04-02,The Backrooms (Found Footage),2022,https://boxd.it/B0mE,3.5
2023-04-02,Don't Hug Me I'm Scared 5,2015,https://boxd.it/cKU8,4
2023-04-02,Don't Hug Me I'm Scared 2,2014,https://boxd.it/7wdu,4
2023-04-02,A Grand Day Out,1989,https://boxd.it/2acu,3.5
2023-04-02,A Close Shave,1995,https://boxd.it/2aca,4
2023-04-02,A Matter of Loaf and Death,2008,https://boxd.it/1O4S,3.5
2023-04-02,The Simpsons Christmas Special,1989,https://boxd.it/x9ie,4
2023-04-02,Michael Jackson's Thriller,1983,https://boxd.it/3e76,3.5
2023-04-02,The Great Train Robbery,1903,https://boxd.it/22JU,3.5
2023-04-02,Save Ralph,2021,https://boxd.it/ux2o,4
2023-04-02,Willow,1988,https://boxd.it/29t0,3
2023-04-02,"Merry Christmas, Mr. Bean",1992,https://boxd.it/z6Q2,4
2023-04-02,For the Birds,2000,https://boxd.it/1P6K,3.5
2023-04-02,Mater Private Eye,2010,https://boxd.it/4HPI,3
2023-04-02,Gone Nutty,2002,https://boxd.it/1HMy,3
2023-04-02,One Man Band,2005,https://boxd.it/1P6g,3.5
2023-04-02,Knick Knack,1989,https://boxd.it/1P74,3.5
2023-04-02,Red's Dream,1987,https://boxd.it/1P7o,3
2023-04-02,Geri's Game,1997,https://boxd.it/1P6U,4
2023-04-02,Mike's New Car,2002,https://boxd.it/1P6A,3
2023-04-02,Tin Toy,1988,https://boxd.it/1P7e,3
2023-04-02,Partly Cloudy,2009,https://boxd.it/1xzE,3.5
2023-04-02,El Materdor,2008,https://boxd.it/14CY,2.5
2023-04-02,Auntie Edna,2018,https://boxd.it/jXaw,3.5
2023-04-02,Tom and Jerry: The Fast and the Furry,2005,https://boxd.it/Xns,3
2023-04-02,Tokyo Mater,2008,https://boxd.it/1xS2,3
2023-04-02,Tom and Jerry: The Movie,1992,https://boxd.it/1Amo,2
2023-04-02,Unidentified Flying Mater,2009,https://boxd.it/5hPu,3
2023-04-02,Rescue Squad Mater,2008,https://boxd.it/oOI,2.5
2023-04-02,George and A.J.,2009,https://boxd.it/2n4I,2.5
2023-04-02,Day & Night,2010,https://boxd.it/11kM,4
2023-04-02,Monster Truck Mater,2010,https://boxd.it/4HPS,2.5
2023-04-02,Heavy Metal Mater,2010,https://boxd.it/4HPy,2.5
2023-04-02,Moon Mater,2010,https://boxd.it/4HPo,2
2023-04-02,Hawaiian Vacation,2011,https://boxd.it/2Hkw,3
2023-04-02,Superlópez contra el robot de bolsillo,2003,https://boxd.it/qExU,1.5
2023-04-02,Small Fry,2011,https://boxd.it/2TdM,2.5
2023-04-02,Partysaurus Rex,2012,https://boxd.it/4gmE,3
2023-04-02,Your Friend the Rat,2007,https://boxd.it/1QVY,3
2023-04-02,Lifted,2006,https://boxd.it/1QW8,3.5
2023-04-02,Robot Chicken's DP Christmas Special,2010,https://boxd.it/kNdM,3
2023-04-02,Couch,2003,https://boxd.it/2cXM,1
2023-04-02,South Park: Imaginationland,2007,https://boxd.it/1KZU,3.5
2023-04-02,"Family Guy Presents: Something, Something, Something, Dark Side",2009,https://boxd.it/naPy,3
2023-04-02,Rabbits,2002,https://boxd.it/SaI,3.5
2023-04-02,Ant Head,2018,https://boxd.it/kzPs,2.5
2023-04-02,The Fairly OddParents: School's Out! The Musical,2005,https://boxd.it/4AuI,3
2023-04-02,LazyTown: Bienvenidos a LazyTown!,2009,https://boxd.it/2Cnq,2.5
2023-04-02,Mattress Man Commercial,2003,https://boxd.it/5yDK,3.5
2023-04-02,Blossoms & Blood,2003,https://boxd.it/4tYQ,3.5
2023-04-02,Trash Humpers,2009,https://boxd.it/Mki,3
2023-04-02,Bambi Meets Godzilla,1969,https://boxd.it/25AG,3
2023-04-02,Tad Jones,2004,https://boxd.it/4VhA,2.5
2023-04-02,More,1998,https://boxd.it/1bjE,4
2023-04-02,Boundin',2003,https://boxd.it/1QVO,3
2023-04-02,Mater and the Ghostlight,2006,https://boxd.it/1P66,2.5
2023-04-02,The Spirit of Christmas,1995,https://boxd.it/1K2e,3
2023-04-02,The Strange Thing About the Johnsons,2011,https://boxd.it/56nO,3.5
2023-04-02,Beavis and Butt-Head Do Christmas,1995,https://boxd.it/13Sc,4
2023-04-02,asdfmovie12,2019,https://boxd.it/oVcq,3
2023-04-02,Frozen Fever,2015,https://boxd.it/aE2A,2
2023-04-02,Who Framed Roger Rabbit,1988,https://boxd.it/29ry,4
2023-04-02,Mater the Greater,2008,https://boxd.it/4vXU,2
2023-04-02,Jack-Jack Attack,2005,https://boxd.it/1P6q,3.5
2023-04-02,Stuart Little,1999,https://boxd.it/1WZW,2.5
2023-04-02,Robot Chicken: Star Wars Episode II,2008,https://boxd.it/VAY,3.5
2023-04-02,That Moment: Magnolia Diary,2000,https://boxd.it/S4U,4
2023-04-02,The Robot Chicken Walking Dead Special: Look Who's Walking,2017,https://boxd.it/hdhM,3
2023-04-02,Conan the Barbarian,1982,https://boxd.it/1YOm,3
2023-04-02,¡Semos peligrosos! (Uséase Makinavaja 2),1993,https://boxd.it/4lSU,3
2023-04-02,Big Daddy,1999,https://boxd.it/1ZkW,3
2023-04-02,South Park: The Pandemic Special,2020,https://boxd.it/s5Ze,3.5
